Model,ROUGE-L,Inference_Time,Parameters_M,GPU_Mem_GB,Topsis_Score,Rank
T5-base,40.5,0.8,220,4.2,0.8579322744806313,1
BART-large,44.1,1.2,406,8.5,0.5772381700517587,2
ProphetNet,43.8,1.8,400,9.0,0.43018054456796617,3
Pegasus-xsum,46.2,2.5,568,12.1,0.14206772551936878,4
